Index,Open,High,Low,Close,Volume,Adjusted
2010/1/4,131.179993,132.970001,130.850006,132.449997,6155300,113.304536
2010/1/5,131.679993,131.850006,130.100006,130.850006,6841400,111.935822
2010/1/6,130.679993,131.490005,129.809998,130,5605300,111.208683
2010/1/7,129.869995,130.25,128.910004,129.550003,5840600,110.823732
2010/1/8,129.070007,130.919998,129.050003,130.850006,4197200,111.935822
2010/1/11,131.059998,131.059998,128.669998,129.479996,5730400,110.763844
2010/1/12,129.029999,131.330002,129,130.509995,8081500,111.644958
2010/1/13,130.389999,131.119995,129.160004,130.229996,6455400,111.405433
2010/1/14,130.550003,132.710007,129.910004,132.309998,7111800,113.184773
2010/1/15,132.029999,132.889999,131.089996,131.779999,8494400,112.731385
2010/1/19,131.630005,134.25,131.559998,134.139999,13916200,114.750251
2010/1/20,130.460007,131.149994,128.949997,130.25,15197500,111.422546
2010/1/21,130.470001,130.690002,128.059998,129,9608600,110.353231
2010/1/22,128.669998,128.889999,125.370003,125.5,10088600,107.359151
2010/1/25,126.330002,126.889999,125.709999,126.120003,5738500,107.889534
2010/1/26,125.919998,127.75,125.410004,125.75,7135300,107.573014
2010/1/27,125.82,126.959999,125.040001,126.330002,8719200,108.069178
2010/1/28,127.029999,127.040001,123.050003,123.75,9622200,105.862111
2010/1/29,124.32,125,121.900002,122.389999,11571200,104.698697
2010/2/1,123.230003,124.949997,122.779999,124.669998,7242900,106.649125
2010/2/2,124.790001,125.809998,123.949997,125.529999,5899900,107.384814
2010/2/3,125.160004,126.07,125.07,125.660004,4177100,107.496027
2010/2/4,125.190002,125.440002,122.900002,123,9126900,105.220523
2010/2/5,123.040001,123.720001,121.830002,123.519997,8617000,105.665355
2010/2/8,123.150002,123.220001,121.739998,121.879997,5718500,104.728745
2010/2/9,122.650002,124.199997,122.459999,123.209999,6044500,105.871586
2010/2/10,122.940002,123.650002,122.209999,122.809998,5219100,105.527873
2010/2/11,122.580002,124.199997,122.059998,123.730003,5089000,106.318414
2010/2/12,123.010002,124.050003,121.610001,124,8017700,106.550416
2010/2/16,124.910004,125.230003,124.110001,125.230003,6777300,107.60733
2010/2/17,125.5,126.529999,125.209999,126.330002,5827400,108.552534
2010/2/18,126.129997,128,126,127.809998,5525900,109.824261
2010/2/19,127.349998,128.059998,126.870003,127.190002,6303100,109.291513
2010/2/22,127.300003,127.43,126.309998,126.849998,3808100,108.999355
2010/2/23,126.480003,127.660004,126,126.459999,4591900,108.664238
2010/2/24,127.019997,128.270004,126.809998,127.589996,4782000,109.635219
2010/2/25,126.050003,127.239998,125.57,127.07,5658700,109.188398
2010/2/26,127.010002,128,126.739998,127.160004,4784200,109.265736
2010/3/1,127.5,128.830002,127.470001,128.570007,4577700,110.47732
2010/3/2,128.699997,129.089996,127.129997,127.419998,6013300,109.489143
2010/3/3,127.730003,128.020004,126.68,126.879997,6390000,109.025133
2010/3/4,127.07,127.07,125.470001,126.720001,6032300,108.887652
2010/3/5,127.169998,127.550003,127.040001,127.25,6140200,109.343068
2010/3/8,127.059998,127.5,126.360001,126.410004,6199300,108.621278
2010/3/9,126.269997,126.290001,125.199997,125.550003,7528800,107.882299
2010/3/10,125.989998,126.360001,125.209999,125.620003,6916200,107.942448
2010/3/11,125.709999,127.809998,125.709999,127.599998,7922200,109.643814
2010/3/12,127.910004,128.369995,127.510002,127.940002,5169500,109.935971
2010/3/15,127.400002,128.339996,127.279999,127.830002,4497700,109.84145
2010/3/16,128,128.880005,127.449997,128.669998,6134900,110.56324
2010/3/17,128.899994,128.929993,127.360001,127.760002,6348400,109.781301
2010/3/18,127.459999,128.75,127.449997,128.380005,4954400,110.314056
2010/3/19,127.709999,128.929993,126.779999,127.709999,10744300,109.738335
2010/3/22,127.110001,128.389999,126.57,127.980003,5651900,109.970343
2010/3/23,127.940002,129.429993,127.639999,129.369995,5978500,111.164732
2010/3/24,128.630005,129.949997,128.470001,128.529999,6669300,110.442942
2010/3/25,129.360001,130.729996,129.130005,129.240005,7603200,111.053035
2010/3/26,128.929993,129.779999,128.720001,129.259995,5550800,111.070211
2010/3/29,129.300003,129.949997,128.259995,128.589996,4643000,110.494497
2010/3/30,128.899994,129.130005,128.25,128.770004,3426600,110.649173
2010/3/31,128.229996,128.75,127.650002,128.25,4904800,110.202345
2010/4/1,128.949997,129.309998,127.550003,128.25,4980500,110.202345
2010/4/5,128.380005,129.800003,128.139999,129.350006,4118700,111.147556
2010/4/6,128.679993,129.300003,128.050003,128.929993,3926300,110.786648
2010/4/7,128.529999,129.270004,128.009995,128.479996,5157000,110.399975
2010/4/8,128.039993,128.229996,127.199997,127.610001,6006900,109.652408
2010/4/9,127.879997,128.869995,127.120003,128.759995,5185100,110.640572
2010/4/12,128.570007,128.960007,128.240005,128.360001,3992300,110.296866
2010/4/13,128.259995,129.429993,127.839996,129.029999,6819100,110.872581
2010/4/14,129.729996,131.419998,129.460007,131.25,8545800,112.780178
2010/4/15,130.529999,131.139999,130.190002,130.889999,6425300,112.470838
2010/4/16,130.679993,132.169998,130.25,130.630005,9546200,112.24743
2010/4/19,130.380005,132.279999,130.380005,132.229996,11353700,113.622266
2010/4/20,129.199997,130.330002,128.259995,129.690002,15216500,111.439707
2010/4/21,129.869995,130.270004,128.5,128.990005,7559200,110.838215
2010/4/22,128.639999,129.360001,127.769997,129.130005,6018500,110.958514
2010/4/23,129.080002,130.100006,128.710007,129.990005,6197300,111.697493
2010/4/26,129.759995,131.039993,129.539993,130.729996,5285400,112.33335
2010/4/27,129.899994,132,128.710007,128.820007,10916700,110.69214
2010/4/28,129.399994,130.470001,129.029999,130.100006,7122300,111.792014
2010/4/29,130.550003,131.210007,130.149994,130.460007,5786900,112.101354
2010/4/30,130.429993,130.639999,128.839996,129,6266700,110.846803
2010/5/3,129.389999,130.139999,128.800003,129.600006,4992100,111.362375
2010/5/4,128.889999,128.929993,126.57,128.119995,8285000,110.090635
2010/5/5,127.120003,128.229996,126.870003,127.459999,6072800,109.523515
2010/5/6,126.290001,127.93,116,123.919998,13168800,107.027468
2010/5/7,123.360001,124.389999,120,122.099998,10584800,105.455567
2010/5/10,126.269997,126.669998,125.059998,126.269997,8463900,109.05712
2010/5/11,125.209999,128.419998,125.150002,126.889999,6498900,109.592605
2010/5/12,127.160004,132.850006,127.010002,132.679993,16626900,114.593318
2010/5/13,130.929993,133.100006,130.850006,131.479996,10497800,113.556902
2010/5/14,131.059998,131.669998,129.410004,131.190002,9920100,113.30644
2010/5/17,130.679993,131.759995,128.699997,130.440002,8923400,112.658679
2010/5/18,131.259995,131.990005,129.899994,129.949997,9330000,112.23547
2010/5/19,129.369995,130.5,127.82,128.860001,8669300,111.294059
2010/5/20,127.220001,127.959999,123.68,123.800003,13176500,106.923831
2010/5/21,122.160004,125.610001,121.400002,125.419998,12639500,108.322991
2010/5/24,125.260002,126.019997,124.040001,124.449997,6868600,107.485219
2010/5/25,121.470001,124.949997,121.470001,124.519997,9494800,107.545676
2010/5/26,124.889999,125.940002,123,123.230003,9083200,106.431532
2010/5/27,125.050003,126.389999,124.769997,126.389999,7725900,109.160764
2010/5/28,125.959999,126.279999,124.290001,125.260002,7421900,108.184806
2010/6/1,124.690002,126.879997,124.199997,124.339996,7135400,107.390213
2010/6/2,124.849998,127.5,124.349998,127.410004,7705300,110.041723
2010/6/3,127.75,128.220001,126.459999,127.959999,6645300,110.516744
2010/6/4,126.370003,127.099998,124.669998,125.279999,9669200,108.202076
2010/6/7,125.57,125.860001,124.129997,124.129997,6951400,107.208841
2010/6/8,124.260002,124.459999,122.82,123.720001,8399200,106.854735
2010/6/9,124.830002,125.839996,123.580002,123.900002,7795500,107.010198
2010/6/10,125.989998,128.220001,125.800003,127.68,7479700,110.274914
2010/6/11,126.730003,128.800003,126.440002,128.449997,5820200,110.939947
2010/6/14,128.5,129.970001,128.490005,128.5,6753000,110.983133
2010/6/15,128.929993,129.949997,128.369995,129.789993,6652500,112.097277
2010/6/16,128.339996,130.679993,128.339996,130.350006,6401000,112.58095
2010/6/17,130.070007,131.029999,129.860001,130.979996,5571000,113.125061
2010/6/18,131.020004,131.25,130.130005,130.149994,9581400,112.408203
2010/6/21,131.419998,131.940002,130.220001,130.649994,6857800,112.840044
2010/6/22,130.369995,131.470001,129.070007,129.300003,6030200,111.674082
2010/6/23,129.25,131.470001,129.089996,130.110001,6855800,112.373662
2010/6/24,129.570007,129.729996,127.699997,128.190002,5565500,110.715394
2010/6/25,128.339996,129.100006,127.120003,127.120003,10420400,109.791255
2010/6/28,127.650002,129.470001,127.220001,128.979996,6335100,111.397697
2010/6/29,127.349998,128.399994,124.120003,125.089996,9376200,108.037975
2010/6/30,124.830002,125.220001,123,123.480003,8018000,106.647453
2010/7/1,123.550003,124.209999,121.610001,122.57,9742100,105.861499
2010/7/2,123.290001,123.290001,120.610001,121.860001,6454500,105.248286
2010/7/6,123.580002,124.629997,122.169998,123.459999,6348700,106.630175
2010/7/7,123.470001,127.120003,123.470001,127,7090300,109.68761
2010/7/8,127.370003,128.149994,126.739998,127.970001,5439300,110.525383
2010/7/9,127.900002,128.199997,127.290001,127.959999,3898000,110.516744
2010/7/12,127.370003,128.830002,127.160004,128.669998,4206900,111.129958
2010/7/13,128.970001,130.979996,128.690002,130.479996,6687700,112.69322
2010/7/14,129.320007,131.600006,129.139999,130.720001,6607200,112.900508
2010/7/15,129.869995,130.919998,129.550003,130.720001,6186800,112.900508
2010/7/16,129.960007,130.149994,127.849998,128.029999,7002900,110.577202
2010/7/19,128.669998,130.380005,128.369995,129.789993,8388600,112.097277
2010/7/20,122.970001,126.559998,122.93,126.550003,16337400,109.298956
2010/7/21,126.440002,126.5,124.620003,125.269997,8615500,108.193438
2010/7/22,126.32,127.779999,126.050003,127.470001,6909000,110.093542
2010/7/23,127.300003,128.800003,127,128.380005,5078000,110.879496
2010/7/26,128.179993,128.429993,127.139999,128.410004,5174900,110.905405
2010/7/27,128.779999,129.169998,127.889999,128.630005,4648200,111.095416
2010/7/28,128.669998,129.350006,127.879997,128.429993,4248800,110.922669
2010/7/29,129.059998,129.5,127.139999,128.020004,8994200,110.56857
2010/7/30,127.43,128.979996,127.040001,128.399994,6021000,110.89676
2010/8/2,129.25,131.199997,129.25,130.759995,6437500,112.93505
2010/8/3,130.029999,131.039993,129.330002,130.369995,5091800,112.598214
2010/8/4,130.460007,131.5,129.850006,131.270004,4567500,113.375536
2010/8/5,130.729996,131.979996,130.529999,131.830002,4520600,113.859196
2010/8/6,130.410004,130.479996,128.759995,130.139999,6136200,112.95652
2010/8/9,130.789993,132.339996,130.399994,132,6131700,114.570929
2010/8/10,131.179993,132.490005,130.770004,131.839996,5471700,114.432052
2010/8/11,130.690002,130.690002,129.460007,129.830002,6316100,112.687454
2010/8/12,127.690002,128.779999,127.519997,128.300003,5132200,111.359474
2010/8/13,127.959999,128.460007,127.330002,127.870003,4669400,110.98625
2010/8/16,127.470001,128.229996,126.959999,127.769997,4009200,110.899449
2010/8/17,128.830002,129.850006,127.900002,128.449997,4298300,111.489663
2010/8/18,128.869995,130.199997,127.800003,129.389999,4883200,112.305549
2010/8/19,128.669998,129.589996,128.020004,128.899994,5402400,111.880243
2010/8/20,128.720001,128.979996,126.959999,127.5,6246300,110.665102
2010/8/23,127.57,128.029999,126.440002,126.470001,4034400,109.771103
2010/8/24,125.209999,126.019997,124.57,124.900002,5621200,108.408403
2010/8/25,124.57,125.599998,124,125.269997,5235300,108.729545
2010/8/26,125.779999,125.779999,122.779999,122.779999,7746600,106.568322
2010/8/27,123.830002,124.800003,122.419998,124.730003,6214200,108.260851
2010/8/30,125.080002,125.269997,123.400002,123.400002,3604000,107.106461
2010/8/31,123.309998,123.989998,122.279999,123.129997,5624200,106.872108
2010/9/1,125.309998,126.309998,124.519997,125.769997,5623100,109.163526
2010/9/2,126.029999,126.230003,124.650002,125.040001,5103300,108.529917
2010/9/3,126.220001,127.599998,125.900002,127.580002,5142900,110.734541
2010/9/7,126.989998,127.360001,125.879997,125.949997,4353300,109.319759
2010/9/8,126.019997,126.519997,125.389999,126.080002,4477500,109.432598
2010/9/9,127.269997,127.57,126.150002,126.360001,3436700,109.675626
2010/9/10,126.989998,128.289993,126.260002,127.989998,4418700,111.090401
2010/9/13,128.630005,130,128.520004,129.610001,5271300,112.496502
2010/9/14,128.429993,129.919998,128.429993,128.850006,4850500,111.836856
2010/9/15,128.649994,129.960007,128.539993,129.429993,4762500,112.340262
2010/9/16,129.199997,129.949997,128.800003,129.669998,4685000,112.548577
2010/9/17,129.919998,130.600006,129.699997,130.190002,10397400,112.999921
2010/9/20,130.240005,132.089996,130.110001,131.789993,7145500,114.388652
2010/9/21,131.449997,132.800003,130.779999,131.979996,5267900,114.553566
2010/9/22,131.610001,132.580002,131.399994,132.570007,4922400,115.065674
2010/9/23,131.419998,132.779999,131.220001,131.669998,3898800,114.2845
2010/9/24,132.419998,134.149994,132.339996,134.110001,7122400,116.402329
2010/9/27,133.509995,135,133.509995,134.649994,6155400,116.871022
2010/9/28,134.669998,135.139999,133.710007,134.889999,7481300,117.079338
2010/9/29,134.399994,135.800003,134.339996,135.479996,5151200,117.591432
2010/9/30,135.5,136.110001,133.669998,134.139999,6425800,116.428367
2010/10/1,135.509995,136.279999,135.089996,135.639999,5621200,117.730309
2010/10/4,135.229996,135.919998,134.389999,135.25,4059900,117.391804
2010/10/5,136.179993,137.899994,136.119995,137.660004,6202500,119.483595
2010/10/6,136.880005,137.960007,136.830002,137.839996,4783000,119.639822
2010/10/7,137.919998,138.880005,137.520004,138.720001,6440800,120.403632
2010/10/8,138.399994,139.089996,138.059998,138.850006,4540800,120.516471
2010/10/11,138.789993,139.940002,138.639999,139.660004,4004300,121.219518
2010/10/12,138.399994,139.990005,138.270004,139.850006,5637300,121.384433
2010/10/13,139.910004,141.479996,139.779999,140.369995,8784300,121.835764
2010/10/14,140.350006,141.5,139.690002,141.5,5653100,122.816564
2010/10/15,142.100006,142.100006,140.539993,141.059998,7220400,122.434659
2010/10/18,140.899994,143.029999,140.839996,142.830002,10322700,123.970955
2010/10/19,137.300003,139.339996,136.699997,138.029999,14159100,119.804737
2010/10/20,138.279999,139.869995,138.130005,139.070007,6945500,120.707424
2010/10/21,139.809998,140.490005,138.399994,139.830002,6221200,121.36707
2010/10/22,140.149994,140.75,139.460007,139.669998,4105300,121.228193
2010/10/25,140.419998,141.399994,139.809998,139.839996,4870000,121.375745
2010/10/26,139.289993,142,138.529999,140.669998,7327100,122.096155
2010/10/27,139.520004,141.570007,139,141.429993,6465300,122.755801
2010/10/28,141.839996,141.949997,140.419998,140.899994,5481600,122.295782
2010/10/29,140.899994,144,140.75,143.600006,8439300,124.639289
2010/11/1,143.639999,144.259995,142.320007,143.320007,5674600,124.396261
2010/11/2,143.850006,144.710007,143.710007,143.839996,4626400,124.847591
2010/11/3,144.240005,144.460007,142.630005,144.169998,5182100,125.13402
2010/11/4,144.820007,146.839996,144.710007,146.789993,6622500,127.408075
2010/11/5,145.940002,146.929993,145.669998,146.919998,4995800,127.520915
2010/11/8,145.350006,146.580002,145.25,146.460007,4459700,127.686567
2010/11/9,146.699997,147.529999,145.630005,146.139999,5700600,127.407579
2010/11/10,146.089996,146.789993,145.630005,146.550003,5172000,127.765028
2010/11/11,144.699997,145.5,143.350006,145.429993,4752200,126.788582
2010/11/12,144.589996,145.770004,143.550003,143.740005,4731500,125.315219
2010/11/15,143.889999,144.75,143.270004,143.639999,3827700,125.228032
2010/11/16,142.929993,143.380005,141.179993,142.240005,6342100,124.007491
2010/11/17,142.490005,142.490005,141.389999,141.949997,4785900,123.754656
2010/11/18,143.039993,144.990005,142.75,144.360001,4236200,125.855743
2010/11/19,144.380005,145.350006,143.990005,145.050003,5015900,126.4573
2010/11/22,144,145.429993,143.559998,145.389999,3730700,126.753715
2010/11/23,144.240005,144.529999,142.330002,143.179993,4570300,124.82699
2010/11/24,143.949997,146.440002,143.820007,145.809998,4874100,127.119877
2010/11/26,145.300003,145.300003,143.570007,143.899994,2081300,125.4547
2010/11/29,143.529999,143.669998,141.5,142.889999,5040300,124.574168
2010/11/30,142.240005,142.759995,141.279999,141.460007,7674800,123.327474
2010/12/1,143.610001,145.130005,143.509995,144.410004,6822800,125.899336
2010/12/2,144.330002,145.850006,144.300003,145.179993,5374000,126.570627
2010/12/3,144.25,145.679993,144.25,145.380005,3710600,126.745001
2010/12/6,144.539993,145.869995,144.520004,144.990005,3321800,126.404993
2010/12/7,146.020004,146.300003,143.869995,144.020004,4828600,125.559327
2010/12/8,144.350006,145.649994,143.839996,144.979996,4961400,126.396266
2010/12/9,145.940002,145.940002,143.520004,144.300003,4405300,125.803436
2010/12/10,144.880005,144.949997,143.729996,144.820007,3503800,126.256785
2010/12/13,145.139999,145.399994,144.210007,144.279999,4741000,125.785995
2010/12/14,144.259995,146.009995,144.259995,145.820007,4800800,127.128604
2010/12/15,145.130005,145.720001,144.309998,144.720001,4447400,126.169598
2010/12/16,144.839996,145.320007,144.149994,144.550003,4178600,126.02139
2010/12/17,144.690002,145.5,144.399994,145,10027000,126.413706
2010/12/20,145.389999,145.539993,144.389999,144.509995,3995000,125.98651
2010/12/21,144.990005,145.990005,144.330002,145.740005,3777100,127.058857
2010/12/22,145.660004,146.399994,145.580002,145.949997,3388800,127.241931
2010/12/23,145.889999,146.330002,145.330002,145.889999,2424500,127.189624
2010/12/27,145.119995,145.699997,145,145.339996,2314700,126.710121
2010/12/28,145.309998,146.149994,145.059998,145.710007,2699600,127.032703
2010/12/29,146,147.5,145.710007,146.520004,3661100,127.738874
2010/12/30,146.360001,147.110001,146.25,146.669998,3039100,127.869642
2010/12/31,146.729996,147.070007,145.960007,146.759995,2969800,127.948102
2011/1/3,147.210007,148.199997,147.139999,147.479996,4603800,128.575813
2011/1/4,147.559998,148.220001,146.639999,147.639999,5060100,128.715307
2011/1/5,147.339996,147.479996,146.729996,147.050003,4657400,128.200937
2011/1/6,147.130005,148.789993,146.820007,148.660004,5029200,129.604565
2011/1/7,148.789993,148.860001,146.940002,147.929993,4135700,128.968128
2011/1/10,147.580002,148.059998,147.229996,147.639999,3633400,128.715307
2011/1/11,148.199997,148.350006,146.75,147.279999,4163600,128.401451
2011/1/12,147.990005,149.289993,147.669998,149.100006,4091500,129.988168
2011/1/13,149.240005,149.289993,148.25,148.820007,3445800,129.74406
2011/1/14,148.889999,150,148.470001,150,4544200,130.772799
2011/1/18,149.820007,151.460007,149.380005,150.649994,9176900,131.339476
2011/1/19,153.259995,156.130005,152.830002,155.690002,12141000,135.73345
2011/1/20,154.529999,155.960007,154.449997,155.800003,7439900,135.82935
2011/1/21,156.399994,156.779999,154.960007,155.5,7009000,135.567802
2011/1/24,155.419998,159.789993,155.330002,159.630005,7285100,139.168417
2011/1/25,159.210007,164.350006,159,161.440002,8260800,140.746407
2011/1/26,161.669998,161.899994,160.419998,161.039993,5353100,140.397671
2011/1/27,161.429993,162.179993,160.860001,161.070007,4878300,140.423838
2011/1/28,161.050003,161.919998,158.669998,159.210007,6725600,138.802255
2011/1/31,159.179993,162,158.679993,162,7197200,141.234623
2011/2/1,162.110001,163.940002,162,163.559998,5831300,142.594658
2011/2/2,163.399994,163.600006,162.610001,163.300003,3904000,142.36799
2011/2/3,163.160004,164.199997,162.809998,163.529999,4683400,142.568505
2011/2/4,163.479996,164.139999,163.220001,164,3755200,142.978261
2011/2/7,164.080002,164.990005,164.020004,164.820007,4928100,143.693158
2011/2/8,164.820007,166.25,164.320007,166.050003,5612600,145.338657
2011/2/9,165.619995,165.970001,164.100006,164.649994,4633600,144.11327
2011/2/10,163.899994,165,163.179993,164.089996,5737800,143.623121
2011/2/11,163.979996,165.009995,163.309998,163.850006,5185200,143.413065
2011/2/14,164.179993,164.380005,162.850006,163.220001,4129800,142.86164
2011/2/15,162.889999,163.570007,162.520004,162.839996,3768700,142.529033
2011/2/16,163.330002,163.600006,162.75,163.399994,3216000,143.019182
2011/2/17,163.300003,164.669998,162.850006,164.240005,3230500,143.75442
2011/2/18,164.460007,164.839996,164.100006,164.839996,4245000,144.279574
2011/2/22,163.570007,164.259995,161.779999,161.949997,5209300,141.750043
2011/2/23,161.809998,162.679993,160.139999,160.179993,5998100,140.20081
2011/2/24,159.630005,161.270004,159.029999,160.770004,5707500,140.71723
2011/2/25,161.059998,162.339996,160.860001,162.279999,4518400,142.038884
2011/2/28,162.360001,162.990005,161.240005,161.880005,4773000,141.688781
2011/3/1,163.149994,163.149994,159.880005,159.970001,4382800,140.017011
2011/3/2,159.429993,161.110001,159.410004,160.160004,3413000,140.183315
2011/3/3,161.419998,164,161.270004,163.479996,4057800,143.089206
2011/3/4,163.399994,164.309998,160.649994,161.830002,4910700,141.645015
2011/3/7,161.600006,162.979996,158.850006,159.929993,5312000,139.981993
2011/3/8,159.699997,163.429993,159.210007,162.279999,5384800,142.038884
2011/3/9,163.470001,167.720001,163.279999,165.860001,9086600,145.172353
2011/3/10,164.639999,164.669998,161.380005,162.020004,7041400,141.811318
2011/3/11,162.399994,163.240005,160.839996,162.429993,4271000,142.170169
2011/3/14,161.160004,161.979996,160.089996,161.389999,4300500,141.259894
2011/3/15,157.350006,159.639999,156.880005,159.020004,6475800,139.185507
2011/3/16,156.520004,156.979996,151.710007,153,12195300,133.916375
2011/3/17,154,154.5,152.699997,154.179993,7376400,134.949188
2011/3/18,156.5,156.949997,154.320007,155.889999,11450000,136.445906
2011/3/21,157.639999,159.630005,157.070007,157.679993,5784000,138.012634
2011/3/22,158.559998,158.610001,157.520004,158,4311400,138.292727
2011/3/23,158,160.080002,157.529999,159.529999,4782500,139.63189
2011/3/24,160.229996,160.710007,158.839996,160.039993,5145800,140.078273
2011/3/25,160.979996,162.740005,160.759995,162.179993,5348100,141.951351
2011/3/28,161.539993,162.580002,161.119995,161.369995,3972800,141.242384
2011/3/29,161.339996,163.089996,161.149994,162.880005,3456700,142.564051
2011/3/30,163.550003,163.990005,163.020004,163.600006,3394100,143.194247
2011/3/31,163.399994,164.059998,163.070007,163.070007,3860800,142.730355
2011/4/1,163.699997,164.419998,163.039993,164.270004,4381900,143.780677
2011/4/4,164.419998,164.729996,163.580002,164.25,3225100,143.763168
2011/4/5,163.809998,164.699997,163.619995,163.990005,3612000,143.535602
2011/4/6,164.339996,164.75,163.809998,164.039993,3774800,143.579355
2011/4/7,164.100006,164.550003,163.279999,164.380005,3666700,143.876957
2011/4/8,164.350006,164.380005,163.160004,164.050003,3324100,143.588116
2011/4/11,163.440002,164,163.110001,163.949997,4139000,143.500584
2011/4/12,163.360001,163.770004,162.300003,163.25,3860600,142.887897
2011/4/13,163.970001,164.929993,163.660004,163.949997,4181900,143.500584
2011/4/14,163.839996,165.360001,163.160004,164.970001,4699100,144.393363
2011/4/15,165,166.339996,164.869995,166.210007,5287400,145.478703
2011/4/18,164.639999,166.160004,162.860001,165.940002,6160700,145.242377
2011/4/19,165.710007,166.380005,164.440002,165.399994,6547100,144.769723
2011/4/20,163.100006,165.889999,162.190002,164.75,10891800,144.200803
2011/4/21,165.630005,168.449997,164.860001,168.279999,6158400,147.290506
2011/4/25,167.649994,168.770004,167.229996,167.669998,3583800,146.756591
2011/4/26,167.990005,169.199997,167.399994,168.490005,7300000,147.474319
2011/4/27,168.610001,170.589996,168.460007,170.369995,5299700,149.119818
2011/4/28,169.990005,171.380005,169.699997,170.779999,5087700,149.478682
2011/4/29,171.100006,173,170.479996,170.580002,5587700,149.303631
2011/5/2,172.110001,173.539993,171.490005,172.149994,5396200,150.677799
2011/5/3,172,173.479996,171.229996,172.869995,5007700,151.307994
2011/5/4,172.360001,172.619995,169.589996,170.619995,6890300,149.338636
2011/5/5,170.470001,170.869995,167.5,168.460007,7332000,147.448062
2011/5/6,169.029999,170.149994,168.240005,168.889999,4839400,148.485497
2011/5/9,168.389999,169.850006,168.309998,169.100006,3594800,148.670132
2011/5/10,169.25,170.899994,169.220001,170.380005,4934800,149.795487
2011/5/11,170.300003,170.520004,167.820007,169.5,4663200,149.0218
2011/5/12,169.649994,172.770004,168.649994,172.240005,5138500,151.430771
2011/5/13,171.699997,172.149994,169.440002,169.919998,5167400,149.391056
2011/5/16,169.809998,170.639999,168.309998,168.860001,4662200,148.459123
2011/5/17,167.850006,171.410004,166.529999,170.5,8773200,149.900985
2011/5/18,170.100006,171.190002,169.460007,170.440002,4154300,149.848236
2011/5/19,170.860001,171.399994,169.320007,170.589996,3538300,149.980108
2011/5/20,170.399994,171.149994,169.380005,170.160004,4869900,149.602066
2011/5/23,168.580002,168.690002,167.070007,168.259995,5144000,147.931607
2011/5/24,168.5,168.669998,167.509995,167.990005,4643600,147.694236
2011/5/25,167.630005,168.399994,167.509995,167.75,3882100,147.483227
2011/5/26,167.460007,167.5,165.899994,167.179993,5771300,146.982086
2011/5/27,167.910004,168.470001,167,167.5,3277600,147.263431
2011/5/31,168.440002,169.889999,167.820007,168.929993,9123400,148.520659
2011/6/1,168.899994,169.580002,166.5,166.559998,5134600,146.436995
2011/6/2,166.440002,167.100006,165.710007,166.089996,3854100,146.023778
2011/6/3,164.300003,165.889999,164.130005,165.050003,5230500,145.109431
2011/6/6,164.759995,165.580002,164.270004,164.75,3619700,144.845673
2011/6/7,165.110001,165.240005,163.610001,163.690002,4187000,143.91374
2011/6/8,163.270004,164.850006,163.259995,164.339996,3850800,144.485204
2011/6/9,165.009995,165.960007,164.759995,164.839996,4299800,144.924797
2011/6/10,164.570007,164.839996,162.869995,163.179993,4683300,143.465347
2011/6/13,164.440002,164.460007,162.729996,163.169998,5099200,143.45656
2011/6/14,163.869995,164.570007,163.649994,164.119995,7050000,144.291783
2011/6/15,162.75,163.410004,161.520004,162.330002,5225600,142.718048
2011/6/16,162.059998,163.630005,161.779999,162.669998,4861100,143.016968
2011/6/17,164.240005,165.100006,163.580002,164.440002,7149700,144.573128
2011/6/20,163.699997,165.610001,163.589996,165.020004,3956100,145.083057
2011/6/21,165.199997,166.75,164,166.220001,5387300,146.138076
2011/6/22,165.589996,166.809998,165.100006,165.679993,3960500,145.663309
2011/6/23,164.059998,166.729996,163.800003,166.119995,5271500,146.050152
2011/6/24,165.850006,165.940002,164.570007,165.070007,4402600,145.127019
2011/6/27,165.740005,168.240005,165.210007,167.619995,4446700,147.368929
2011/6/28,168.330002,170.699997,168.009995,170.009995,4850000,149.47018
2011/6/29,170.610001,170.860001,169.820007,170.539993,3817100,149.936147
2011/6/30,171.110001,172.449997,170.75,171.550003,5105200,150.824132
2011/7/1,171.610001,174.649994,171.490005,174.539993,5181700,153.452885
2011/7/5,173.520004,175.429993,173.520004,175.429993,4586500,154.235359
2011/7/6,175.190002,177.770004,175.089996,177.710007,5885900,156.239912
2011/7/7,176.779999,177.270004,176.119995,176.479996,5905600,155.158506
2011/7/8,175.490005,176.490005,175.009995,176.490005,4399900,155.167306
2011/7/11,174.899994,176.149994,174.610001,174.990005,4766500,153.848529
2011/7/12,174.929993,175.369995,173.889999,174.050003,5036800,153.022093
2011/7/13,174.899994,176.320007,174,174.320007,4074800,153.259477
2011/7/14,174.399994,176.100006,173.839996,174.229996,4613100,153.18034
2011/7/15,175.080002,175.940002,174.070007,175.539993,5347100,154.33207
2011/7/18,174.729996,176.460007,173.580002,175.279999,8879700,154.103487
2011/7/19,178.740005,185.210007,178.649994,185.210007,13245600,162.833797
2011/7/20,183.839996,184.419998,183,183.649994,5901100,161.462258
2011/7/21,183.589996,185.5,182.899994,184.899994,4958400,162.561239
2011/7/22,184.639999,185.630005,184.259995,185.179993,4516100,162.80741
2011/7/25,183.889999,184.960007,183.279999,183.699997,4987000,161.50622
2011/7/26,182.940002,184.050003,182.649994,182.929993,4356200,160.829244
2011/7/27,182.009995,182.910004,180.929993,181.350006,5806800,159.440144
2011/7/28,181.059998,183.270004,180.880005,181.800003,4478800,159.835774
2011/7/29,180.259995,183.429993,179.729996,181.850006,6665600,159.879736
2011/8/1,182.600006,183.690002,178.5,180.75,5842700,158.912628
2011/8/2,179.949997,182.289993,177.860001,178.050003,5770400,156.538832
2011/8/3,177.669998,179.229996,175.410004,178.830002,6722000,157.224595
2011/8/4,176.5,177.919998,171.179993,171.479996,11022300,150.762582
2011/8/5,172.100006,174.220001,166.520004,172.979996,11871800,152.081359
2011/8/8,168.830002,172.610001,166,166.220001,15804900,146.774453
2011/8/9,167.460007,171.050003,162,170.610001,12517600,150.650881
2011/8/10,168.179993,169.229996,161.850006,162.539993,13993600,143.524958
2011/8/11,164.100006,168.770004,162.940002,166.729996,9175600,147.224785
2011/8/12,168.5,169.380005,165.830002,168.199997,5187000,148.522816
2011/8/15,171.320007,174,170.389999,172.990005,7645400,152.752456
2011/8/16,172.190002,172.190002,169,171.240005,5585400,151.207183
2011/8/17,171.570007,172.990005,169.889999,171.479996,5129700,151.419098
2011/8/18,166.320007,166.460007,160.160004,163.830002,15082600,144.664052
2011/8/19,162.169998,163.940002,157.130005,157.539993,14068600,139.109892
2011/8/22,161.350006,161.679993,157.619995,158.979996,7249100,140.381433
2011/8/23,160.649994,164.589996,159.529999,164.320007,6923300,145.096734
2011/8/24,164.130005,166.830002,163.350006,166.759995,6427000,147.251275
2011/8/25,167.520004,168.529999,164.850006,165.580002,6751600,146.209325
2011/8/26,164.850006,169.330002,163.279999,169.139999,6438200,149.35285
2011/8/29,170.580002,172.720001,170.360001,172.619995,5293400,152.425732
2011/8/30,172.059998,173.509995,170.880005,172.509995,4477700,152.3286
2011/8/31,173.289993,173.720001,170.710007,171.910004,6074200,151.798801
2011/9/1,172.710007,173.679993,170.119995,170.330002,5463900,150.403638
2011/9/2,167.690002,168.929993,166,166.979996,4979100,147.445538
2011/9/6,163.059998,165.550003,162.199997,165.110001,5761200,145.794308
2011/9/7,167.279999,167.899994,166.160004,167.309998,6796600,147.736934
2011/9/8,167,169.580002,165.100006,165.25,6027200,145.917929
2011/9/9,164.570007,165.190002,160.809998,161.369995,6743900,142.491834
2011/9/12,160.039993,162.440002,158.759995,162.419998,5247200,143.419001
2011/9/13,163.639999,163.919998,161.539993,163.429993,4723800,144.310839
2011/9/14,164.009995,169.660004,161.990005,167.240005,6980700,147.675131
2011/9/15,168.639999,170.160004,167.229996,170.089996,5464400,150.19171
2011/9/16,171.330002,172.990005,169.740005,172.990005,11048100,152.752456
2011/9/19,169.5,173.869995,169.429993,173.130005,4755600,152.876078
2011/9/20,173.570007,177.429993,172.699997,174.720001,6209600,154.280065
2011/9/21,175,177.669998,172.619995,173.020004,7043100,152.778946
2011/9/22,168.330002,169.970001,166.5,168.619995,8195600,148.89368
2011/9/23,166.990005,169.539993,165.759995,169.339996,5586600,149.52945
2011/9/26,170.960007,174.699997,169.860001,174.509995,6745700,154.094627
2011/9/27,176.820007,179.619995,176.429993,177.710007,7638800,156.92028
2011/9/28,177.970001,180.75,177.080002,177.550003,7732200,156.778994
2011/9/29,179.690002,180.910004,175.529999,179.169998,6944300,158.209471
2011/9/30,176.009995,178.270004,174.75,174.869995,7807400,154.412512
2011/10/3,174.360001,177.919998,173.039993,173.289993,9042600,153.01735
2011/10/4,171.539993,175.070007,168.880005,174.740005,9200000,154.297729
2011/10/5,174.570007,177.300003,172.679993,176.850006,5851700,156.160888
2011/10/6,176.809998,181.990005,175.660004,181.690002,7180900,160.434668
2011/10/7,182.320007,183.720001,181.639999,182.389999,6842600,161.052775
2011/10/10,183,186.630005,182.899994,186.619995,5784800,164.787917
2011/10/11,184.589996,186,184.110001,185,5330500,163.35744
2011/10/12,186.080002,188,185.649994,186.119995,5338200,164.34641
2011/10/13,184.970001,187.5,184.5,186.820007,4399200,164.96453
2011/10/14,188.190002,190.529999,187.729996,190.529999,5368200,168.240502
2011/10/17,189.710007,190.160004,185.899994,186.589996,8790300,164.761428
2011/10/18,178,179.380005,176.25,178.899994,15729400,157.971054
2011/10/19,179.679993,179.809998,177.009995,177.389999,6708300,156.637709
2011/10/20,178.130005,179.240005,176.169998,177.25,7513800,156.514088
2011/10/21,179.110001,181.669998,178.75,181.630005,8054200,160.38169
2011/10/24,181.509995,183.389999,180.619995,182.25,5890600,160.929154
2011/10/25,181.660004,182.970001,180.009995,180.360001,5373100,159.260259
2011/10/26,181.740005,182.279999,179.029999,181.970001,5387700,160.681911
2011/10/27,184.990005,187,183.179993,185.880005,7057800,164.134496
2011/10/28,185.570007,188.070007,185.279999,187.449997,5009800,165.52082
2011/10/31,185.589996,186.910004,184.630005,184.630005,4710000,163.030729
2011/11/1,181.550003,183.259995,180.740005,181.350006,5881200,160.134447
2011/11/2,184,185.25,183.029999,183.919998,4136600,162.403784
2011/11/3,185.130005,187.779999,184.020004,187.300003,4953500,165.388373
2011/11/4,186.270004,187.139999,184.740005,186.380005,3237600,164.576002
2011/11/7,186.220001,187.729996,184.75,187.320007,3530800,165.406037
2011/11/8,187.479996,187.880005,185.509995,187.25,4330600,166.008889
2011/11/9,184.199997,185.240005,181.160004,182.240005,5494800,161.567214
2011/11/10,183.580002,184.770004,181.869995,183.350006,3881600,162.551299
2011/11/11,185.270004,187.830002,185.139999,187.380005,3665300,166.124146
2011/11/14,189.169998,189.839996,186.850006,187.350006,6038600,166.097551
2011/11/15,187.490005,189.970001,185.639999,188.75,4585300,167.338733
2011/11/16,187.820007,189.899994,186.300003,186.619995,4616800,165.45035
2011/11/17,186.809998,188.830002,183.389999,185.729996,5840500,164.66131
2011/11/18,186.710007,186.970001,184.660004,185.240005,4440900,164.226902
2011/11/21,183.369995,183.960007,180,181.479996,5145100,160.893418
2011/11/22,182.220001,182.979996,180.289993,181.309998,4178600,160.742704
2011/11/23,180.669998,181.490005,177.520004,177.949997,4800900,157.763852
2011/11/25,178.009995,179.559998,177.059998,177.059998,2232800,156.974811
2011/11/28,182.710007,182.929993,180.669998,182.210007,4524200,161.540618
2011/11/29,182.020004,183.309998,180.839996,180.940002,3661600,160.41468
2011/11/30,184.570007,188.350006,184.210007,188,7836800,166.673811
2011/12/1,187.009995,189.990005,186.770004,189.449997,4858800,167.959324
2011/12/2,189.919998,191.330002,189.449997,189.660004,4962200,168.145508
2011/12/5,191.179993,193.610001,190.380005,190.839996,5699400,169.191646
2011/12/6,190.649994,193.529999,190.320007,192.940002,4144900,171.053433
2011/12/7,191.990005,194.899994,191.279999,194.050003,5081700,172.037519
2011/12/8,192.479996,193.800003,191.070007,191.580002,4369000,169.847707
2011/12/9,192.910004,194.869995,192.399994,194.559998,4847900,172.489661
2011/12/12,193.639999,193.899994,191.220001,192.179993,3796100,170.379637
2011/12/13,193.460007,194.300003,190.639999,191.149994,5008400,169.466478
2011/12/14,189.839996,190.279999,188,188.720001,5057700,167.312137
2011/12/15,190.479996,191.199997,186.889999,187.479996,4474500,166.212795
2011/12/16,188.009995,188.009995,181.910004,183.570007,11849400,162.746344
2011/12/19,184.509995,184.690002,182.25,182.889999,5039900,162.143474
2011/12/20,185.5,187.330002,184.759995,187.240005,4740100,166.000028
2011/12/21,183.220001,183.5,179.039993,181.470001,9282500,160.884557
2011/12/22,182.710007,182.800003,181,182.039993,5052000,161.389891
2011/12/23,183.110001,184.850006,181.889999,184.75,3052300,163.792482
2011/12/27,184.970001,185.850006,184.389999,184.949997,2775200,163.969792
2011/12/28,185.190002,185.399994,183.339996,183.990005,2872000,163.118699
2011/12/29,184.070007,186.229996,184.009995,186.179993,2941600,165.06026
2011/12/30,186.330002,186.479996,183.850006,183.880005,3530900,163.021176
2012/1/3,186.729996,188.710007,186,186.300003,5646000,165.166657
2012/1/4,185.570007,186.330002,184.940002,185.539993,4346700,164.49286
2012/1/5,184.809998,185.029999,183.100006,184.660004,4463100,163.712694
2012/1/6,184.389999,184.479996,182.309998,182.539993,4897100,161.833172
2012/1/9,182.199997,182.270004,180.270004,181.589996,5201200,160.99094
2012/1/10,183.229996,183.720001,181.199997,181.309998,5161000,160.742704
2012/1/11,180.729996,182.809998,180.5,182.320007,4110800,161.638141
2012/1/12,181.860001,181.910004,178.380005,180.550003,6881000,160.068921
2012/1/13,179.479996,179.610001,177.350006,179.160004,5279200,158.836599
2012/1/17,180.360001,182,179.320007,180,6003400,159.581308
2012/1/18,179.830002,181.600006,179.5,181.070007,4600600,160.529937
2012/1/19,181.789993,182.360001,180.350006,180.520004,8567200,160.042325
2012/1/20,185.770004,188.970001,184.75,188.520004,12849700,167.134827
2012/1/23,187.910004,190.520004,187.669998,189.979996,5751700,168.429202
2012/1/24,188.630005,192.300003,188.520004,191.929993,5345700,170.157996
2012/1/25,191.330002,192.240005,189.610001,191.729996,4359700,169.980687
2012/1/26,191.789993,192.789993,190.470001,190.979996,4004700,169.315764
2012/1/27,190.009995,191.770004,189.809998,190.460007,3360400,168.854761
2012/1/30,189.389999,192.729996,188.220001,192.5,4359000,170.663344
2012/1/31,193.089996,193.100006,191,192.600006,4826800,170.752005
2012/2/1,193.210007,194.809998,192.410004,192.619995,5088800,170.769727
2012/2/2,192.720001,193.330002,191.330002,191.529999,3907300,169.803377
2012/2/3,192.929993,194.130005,192.539993,193.639999,4521700,171.674025
2012/2/6,192.479996,193.759995,192,192.820007,3639800,170.94705
2012/2/7,192.449997,194.139999,191.970001,193.350006,3433000,171.416927
2012/2/8,192.779999,193.580002,191.729996,192.949997,3803800,171.728427
2012/2/9,193.029999,194.460007,192.550003,193.130005,3876400,171.888637
2012/2/10,191.759995,192.429993,191.279999,192.419998,3391100,171.25672
2012/2/13,193.309998,193.690002,191.740005,192.619995,2458800,171.434721
2012/2/14,191.759995,192.600006,190.830002,192.220001,3398100,171.07872
2012/2/15,192.309998,193.440002,191.259995,192.25,4020900,171.105419
2012/2/16,192.610001,193.25,192,193.020004,3525500,171.790735
2012/2/17,193.710007,193.860001,192.300003,193.419998,3746500,172.146735
2012/2/21,193.729996,194.240005,192.460007,193.389999,3293600,172.120036
2012/2/22,193.029999,194.740005,192.75,193.869995,3275800,172.54724
2012/2/23,193.869995,199.229996,193.279999,197.610001,8032700,175.875901
2012/2/24,198.380005,198.559998,196.610001,197.759995,3353200,176.009398
2012/2/27,196.779999,198.710007,196.100006,197.529999,3758400,175.804698
2012/2/28,197.75,198.960007,197.429993,197.979996,3167400,176.205202
2012/2/29,197.860001,199.169998,196.449997,196.729996,5117100,175.092684
2012/3/1,197.229996,198.470001,196.929993,197.529999,3560300,175.804698
2012/3/2,197.100006,198.889999,197.059998,198.809998,3727400,176.943917
2012/3/5,198.360001,201.190002,198.300003,200.660004,6938000,178.59045
2012/3/6,199.139999,199.639999,196.809998,197.259995,5214700,175.56439
2012/3/7,198.089996,198.570007,197.309998,197.770004,3346900,176.018307
2012/3/8,199.240005,199.990005,198.649994,199.809998,3145800,177.833932
2012/3/9,199.979996,201.100006,199.720001,200.619995,3178200,178.554842
2012/3/12,200.929993,201.570007,200.229996,201,3119700,178.893052
2012/3/13,201.720001,203.899994,201.610001,203.779999,4866000,181.367293
2012/3/14,203.779999,205.149994,203.639999,204.720001,4602300,182.20391
2012/3/15,204.940002,206.179993,204.740005,206,3621100,183.343128
2012/3/16,207.029999,207.520004,206.009995,206.009995,9637000,183.352023
2012/3/19,205.710007,206.529999,204.5,205.720001,3763200,183.093925
2012/3/20,204.740005,205,203.699997,204.25,3695100,181.785602
2012/3/21,204.320007,205.770004,204.300003,204.690002,3329900,182.17721
2012/3/22,204,205.990005,203.960007,205.490005,3307800,182.889225
2012/3/23,205.889999,205.960007,204.559998,205.479996,3036200,182.880316
2012/3/26,206.449997,207.919998,206.320007,207.770004,3418200,184.918459
2012/3/27,208.460007,208.660004,207,207.179993,2704500,184.393339
2012/3/28,207.440002,208.690002,206.270004,207.289993,3265700,184.491242
2012/3/29,206.089996,208.5,206.020004,208.270004,3403700,185.363466
2012/3/30,208.740005,209.119995,208.009995,208.649994,3215200,185.701663
2012/4/2,208.960007,209.690002,208.089996,209.470001,3387900,186.431482
2012/4/3,209.309998,210.690002,208.539993,209.5,4091500,186.458181
2012/4/4,206.220001,206.979996,205.190002,206.050003,4404000,183.387632
2012/4/5,205.149994,205.679993,204.460007,205.470001,3809000,182.871421
2012/4/9,204.399994,206.169998,203.369995,204.940002,3326900,182.399714
2012/4/10,204.940002,205.740005,202.169998,202.330002,4132900,180.076774
2012/4/11,203.990005,204.320007,202.460007,202.580002,3366200,180.299278
2012/4/12,202.800003,205.559998,202.639999,205.320007,2929600,182.737924
2012/4/13,204.320007,204.649994,202.800003,202.800003,3767000,180.495082
2012/4/16,204.740005,205.970001,202.720001,202.720001,3826600,180.423879
2012/4/17,204.570007,207.639999,204.149994,207.449997,6065500,184.633647
2012/4/18,202.429993,204.070007,200,200.130005,10153500,178.118743
2012/4/19,200.029999,201.259995,197.520004,199.509995,5762900,177.566925
2012/4/20,199.830002,200.119995,199.089996,199.600006,4758200,177.647036
2012/4/23,197.889999,199.100006,196.789993,198.619995,3618800,176.774812
2012/4/24,199.059998,202.479996,198.869995,200,5626300,178.003037
2012/4/25,202.020004,203.690002,201.800003,203.570007,4003400,181.180398
2012/4/26,203.399994,206.210007,203.399994,205.580002,3302700,182.969323
2012/4/27,206.470001,208.169998,205.910004,206.809998,3496900,184.064038
2012/4/30,206.710007,207.960007,206.320007,207.080002,2773200,184.304346
2012/5/1,207.179993,208.929993,206.710007,208,2715900,185.123158
2012/5/2,206.970001,208.270004,206.910004,208.059998,2360300,185.176557
2012/5/3,208.270004,208.919998,206.550003,207.240005,2826600,184.446752
2012/5/4,206.470001,207.110001,204.399994,204.990005,4023600,182.444218
2012/5/7,203.960007,204.770004,202.899994,203.75,3373400,181.340594
2012/5/8,202.440002,203.059998,199.720001,201.479996,3881500,180.071476
2012/5/9,199.990005,203,199.059998,201.229996,3742500,179.84804
2012/5/10,201,203.25,200.020004,200.600006,3830500,179.28499
2012/5/11,199.960007,202.119995,199.949997,201.169998,2391500,179.794417
2012/5/14,199.919998,200.710007,198.559998,199.440002,3029200,178.248244
2012/5/15,199.440002,201.470001,198.759995,199.039993,2987400,177.890739
2012/5/16,199.419998,201.350006,198.179993,199.729996,5001000,178.507424
2012/5/17,199.669998,200.789993,197.639999,197.889999,5626300,176.862939
2012/5/18,198.779999,198.779999,195.160004,195.880005,5737100,175.066519
2012/5/21,195.979996,197.929993,194.630005,197.759995,3831700,176.746748
2012/5/22,198.039993,198.259995,196.059998,196.820007,3567100,175.90664
2012/5/23,195.529999,196.490005,193.199997,196.119995,4100000,175.281009
2012/5/24,195.990005,196.279999,194,196.089996,3569300,175.254198
2012/5/25,195.110001,196,194,194.300003,2901900,173.654402
2012/5/29,195.220001,198.080002,195.220001,196.460007,3618500,175.584892
2012/5/30,194.800003,195.470001,193.770004,194.529999,3602500,173.85996
2012/5/31,194.100006,194.929993,192,192.899994,9287500,172.403153
2012/6/1,190.119995,191.720001,188.600006,189.080002,5206400,168.989059
2012/6/4,188.339996,189.380005,187,188.539993,4624500,168.50643
2012/6/5,187.919998,189.850006,187.559998,189.199997,3556500,169.096304
2012/6/6,190.779999,194,190.020004,193.990005,3641300,173.377344
2012/6/7,195.279999,195.830002,193.940002,194.440002,3701100,173.779526
2012/6/8,193.710007,195.139999,192.699997,195.139999,2479200,174.405144
2012/6/11,196.600006,196.699997,192.369995,192.509995,3273300,172.054594
2012/6/12,192.139999,194.669998,192.139999,194.550003,3023700,173.877838
2012/6/13,194.360001,195.190002,192.350006,193.100006,3247700,172.581913
2012/6/14,193,195.830002,192.740005,195.100006,3585000,174.3694
2012/6/15,196.080002,199.270004,195.399994,199.100006,6389000,177.944375
2012/6/18,197.570007,199.639999,197.169998,198.289993,3378900,177.220431
2012/6/19,198.830002,199.990005,198.800003,198.929993,3297600,177.792426
2012/6/20,198.699997,199.740005,197.5,198.779999,3378200,177.65837
2012/6/21,199.070007,199.449997,193.190002,193.389999,4316600,172.841092
2012/6/22,193.869995,194.880005,193.220001,193.699997,8823000,173.118151
2012/6/25,192.479996,193.389999,191.679993,192.860001,3211600,172.367409
2012/6/26,193.539993,193.679993,190.75,191.949997,3435900,171.554099
2012/6/27,192.139999,193.699997,190.899994,193,2762700,172.492533
2012/6/28,191.229996,192.080002,188.899994,191.399994,3967300,171.062538
2012/6/29,194.550003,195.809998,192.410004,195.580002,5259600,174.798393
2012/7/2,196.360001,197.199997,194.850006,195.830002,2827000,175.021829
2012/7/3,195.460007,196.339996,194.910004,195.929993,1450400,175.111195
2012/7/5,194.880005,196.850006,193.630005,195.289993,2690200,174.5392
2012/7/6,193.919998,193.940002,189.740005,191.410004,4952900,171.071484
2012/7/9,190.759995,191,188.050003,189.669998,3988100,169.516365
2012/7/10,190.300003,191.139999,185.600006,186.259995,4690300,166.468696
2012/7/11,186.220001,187.360001,183.509995,185.25,5456100,165.566019
2012/7/12,184.25,184.389999,181.850006,183.089996,4931300,163.63553
2012/7/13,183.460007,186.330002,183.029999,186.009995,3933000,166.24526
2012/7/16,185.580002,186.100006,184.580002,184.789993,3144400,165.154891
2012/7/17,185.729996,186.289993,183.199997,183.649994,5158600,164.136024
2012/7/18,184.149994,188.589996,183.550003,188.25,8019500,168.24725
2012/7/19,193.399994,196.850006,192.970001,195.339996,10395400,174.58389
2012/7/20,194.089996,194.899994,192.169998,192.449997,4789700,172.000971
2012/7/23,189.779999,191.300003,188.199997,190.830002,3904500,170.553111
2012/7/24,190.919998,191.320007,188.559998,190.339996,3597100,170.115171
2012/7/25,190.309998,192.770004,189.320007,191.080002,3833800,170.776547
2012/7/26,193.490005,194.949997,192.570007,193.949997,3282900,173.341587
2012/7/27,195.100006,197.410004,193.949997,196.389999,4177300,175.522323
2012/7/30,196.320007,197.839996,195.919998,196.679993,2787000,175.781503
2012/7/31,196.5,197.580002,195.880005,195.979996,3507000,175.155885
2012/8/1,196.960007,197.850006,194.720001,195.179993,2559300,174.440888
2012/8/2,194.160004,196.600006,193.020004,194.449997,2812600,173.788459
2012/8/3,196.479996,198.949997,196.160004,198.520004,3278100,177.426002
2012/8/6,198.759995,199.940002,198.520004,198.759995,2337800,177.640492
2012/8/7,199.429993,200.880005,198.800003,199.929993,3209400,178.68617
2012/8/8,198.270004,199.690002,198.160004,199.029999,2068300,178.641295
2012/8/9,198.619995,199.460007,197.889999,198.419998,2160100,178.093783
2012/8/10,197.869995,199.369995,197.240005,199.289993,2600500,178.874655
2012/8/13,198.880005,199.979996,197.789993,199.009995,2418300,178.62334
2012/8/14,198.880005,199.330002,197.720001,198.289993,2562300,177.977096
2012/8/15,198.899994,199.330002,197.919998,198.399994,2111800,178.075828
2012/8/16,198.770004,201.320007,198.119995,200.839996,2729500,180.265875
2012/8/17,201.080002,202,200.660004,201.220001,2551800,180.606952
2012/8/20,200.690002,201.130005,200.029999,200.5,2336000,179.960708
2012/8/21,200.990005,201,198.369995,198.649994,3111300,178.300218
2012/8/22,198.639999,198.649994,196.899994,197.25,3296100,177.04364
2012/8/23,197.039993,197.369995,195.440002,195.699997,2757400,175.652419
2012/8/24,194.960007,198.110001,194.199997,197.770004,2639500,177.510374
2012/8/27,197.960007,198.300003,195.610001,195.690002,2498800,175.643449
2012/8/28,195.559998,196.110001,194.5,194.869995,2539200,174.907443
2012/8/29,195.130005,196.039993,194.899994,195.080002,2141400,175.095937
2012/8/30,194.770004,195.470001,193.179993,193.369995,2740900,173.561104
2012/8/31,194.309998,195.949997,193.460007,194.850006,3193300,174.889502
2012/9/4,196.610001,197.169998,193.25,194.539993,4514400,174.611247
2012/9/5,194.410004,195.850006,193.889999,195.039993,3312500,175.060027
2012/9/6,196.259995,199.460007,196.110001,199.100006,3931700,178.70413
2012/9/7,199.119995,199.5,198.080002,199.5,3413700,179.063149
2012/9/10,199.389999,201.820007,198.729996,200.949997,4208000,180.364607
2012/9/11,200.550003,203.460007,200.509995,203.270004,3910600,182.446952
2012/9/12,203.520004,204.649994,202.960007,203.770004,3284000,182.895732
2012/9/13,204.380005,206.809998,203.460007,206.360001,3879600,185.220408
2012/9/14,206.240005,207.649994,206.050003,206.809998,4057100,185.624308
2012/9/17,205.550003,207.990005,205.550003,207.149994,3275100,185.929475
2012/9/18,206.880005,207.880005,206.479996,207.070007,2476100,185.857682
2012/9/19,207.550003,207.570007,206.009995,206.429993,2605600,185.28323
2012/9/20,205.850006,206.990005,205.300003,206.179993,3739100,185.058841
2012/9/21,207.360001,207.940002,205.919998,205.979996,12771500,184.879331
2012/9/24,205.020004,206.059998,204.899994,205.289993,3511100,184.260013
2012/9/25,205.600006,207.320007,204.949997,204.979996,3345200,183.981772
2012/9/26,205.050003,205.979996,203.899994,204,3423300,183.102167
2012/9/27,204.369995,206.899994,204.139999,205.910004,2771900,184.816509
2012/9/28,205.660004,208.320007,205.309998,207.449997,4910900,186.198745
2012/10/1,208.009995,211.75,207.940002,210.470001,5456900,188.909379
2012/10/2,210.960007,211.470001,208.5,209.839996,3321000,188.343912
2012/10/3,209.940002,211.300003,209.300003,210.509995,3192300,188.945275
2012/10/4,210.279999,210.970001,208.529999,210.389999,2957500,188.837573
2012/10/5,211.149994,211.789993,210.059998,210.589996,2858400,189.017082
2012/10/8,210.020004,210.639999,209.210007,209.820007,1982600,188.325971
2012/10/9,209.949997,210.740005,207.699997,207.990005,3580400,186.683435
2012/10/10,207.820007,208.229996,205.050003,205.820007,4024500,184.735732
2012/10/11,206.570007,207.270004,205.630005,205.759995,2910000,184.681867
2012/10/12,205.639999,207.960007,205.559998,207.800003,2712000,186.512897
2012/10/15,208.880005,209.399994,207.820007,208.929993,3060900,187.52713
2012/10/16,209.940002,211,209.470001,211,5632100,189.385085
2012/10/17,201.210007,203.410004,198.550003,200.630005,12673900,180.077396
2012/10/18,199.910004,200.139999,194.070007,194.960007,9295900,174.988234
2012/10/19,195.289993,196.080002,193.179993,193.360001,6620300,173.552133
2012/10/22,193.710007,194.679993,192.440002,194.399994,4402500,174.485589
2012/10/23,193.529999,194,190.940002,191.25,4427400,171.658282
2012/10/24,192.440002,193.289993,190.559998,190.720001,3738000,171.182576
2012/10/25,191.410004,192.440002,190.710007,191.600006,3249600,171.972433
2012/10/26,191.490005,193.869995,191.470001,193.270004,4006500,173.471356
2012/10/31,194.800003,196.410004,193.630005,194.529999,6052300,174.602276
2012/11/1,194.679993,197.889999,194.550003,197.149994,3758800,176.953878
2012/11/2,197.529999,198,193.289993,193.429993,4260100,173.614955
2012/11/5,192.360001,194.970001,192.009995,194.139999,2736200,174.252229
2012/11/6,195.259995,196.75,194.679993,195.070007,3281000,175.086966
2012/11/7,193.360001,193.679993,191.160004,191.160004,4746200,172.328416
2012/11/8,191.399994,191.809998,190.089996,190.100006,3542200,171.372841
2012/11/9,189.850006,191.639999,188.880005,189.639999,3671600,170.958151
2012/11/12,190.029999,190.770004,187.410004,189.25,3067400,170.606571
2012/11/13,188.389999,190.880005,188.25,188.320007,3406700,169.768194
2012/11/14,189.139999,189.270004,185.279999,185.509995,4404400,167.235002
2012/11/15,185.830002,187.199997,184.779999,185.850006,3411700,167.541518
2012/11/16,186.330002,187.559998,185.100006,186.940002,4660800,168.524137
2012/11/19,188.619995,190.389999,188.300003,190.350006,3588900,171.598213
2012/11/20,189.880005,190.110001,188.25,189.199997,3170200,170.561494
2012/11/21,189.300003,190.889999,188.949997,190.289993,5189600,171.544113
2012/11/23,191,193.490005,190.800003,193.490005,3877600,174.428885
2012/11/26,192.449997,193.369995,191.770004,192.880005,5210300,173.878977
2012/11/27,192.080002,193.050003,191,191.229996,3290900,172.391513
2012/11/28,190.979996,192.039993,189.270004,191.979996,3603600,173.067629
2012/11/29,192.75,192.899994,190.199997,191.529999,4077900,172.661962
2012/11/30,191.75,192,189.5,190.070007,4936400,171.345798
2012/12/3,190.759995,191.300003,188.360001,189.479996,3349600,170.81391
2012/12/4,189.710007,190.75,189.020004,189.360001,3990700,170.705736
2012/12/5,189.009995,189.460007,186.940002,188.649994,4202100,170.065673
2012/12/6,189.169998,190.179993,188.410004,189.699997,3216600,171.012238
2012/12/7,190.139999,192.199997,190.110001,191.949997,4091300,173.040586
2012/12/10,192.169998,193.539993,191.649994,192.619995,3438500,173.644581
2012/12/11,193.179993,194.800003,193.149994,194.199997,4144000,175.068933
2012/12/12,194.600006,194.75,192.460007,192.949997,4241900,173.942074
2012/12/13,192.179993,193.050003,191.369995,191.990005,3623200,173.076653
2012/12/14,191.690002,193.399994,191.259995,191.759995,3826900,172.869301
2012/12/17,191.759995,193.910004,191.759995,193.619995,3792400,174.546069
2012/12/18,193.850006,195.919998,193.839996,195.690002,4125900,176.412155
2012/12/19,195.460007,196.449997,195,195.080002,4270500,175.862247
2012/12/20,194.470001,194.949997,193.160004,194.770004,4184500,175.582788
2012/12/21,193.100006,194.5,191.570007,193.419998,8225300,174.365774
2012/12/24,193.050003,193.830002,192.020004,192.399994,1631200,173.446252
2012/12/26,192.210007,193.529999,190.949997,191.949997,2776500,173.040586
2012/12/27,191.529999,193.279999,190.699997,192.710007,3967600,173.725725
2012/12/28,191.110001,192.220001,189.830002,189.830002,3536600,171.129436
2012/12/31,189.229996,191.679993,188.839996,191.550003,4684900,172.679996
2013/1/2,194.089996,196.350006,193.800003,196.350006,4234100,177.00714
2013/1/3,195.669998,196.289993,194.440002,195.270004,3644700,176.033532
2013/1/4,194.190002,194.460007,192.779999,193.990005,3380200,174.879629
2013/1/7,193.399994,193.779999,192.339996,193.139999,2862300,174.113358
2013/1/8,192.919998,193.300003,191.600006,192.869995,3026900,173.869953
2013/1/9,193.479996,193.490005,191.649994,192.320007,3212000,173.374146
2013/1/10,192.649994,192.960007,191.279999,192.880005,3608100,173.878977
2013/1/11,194.149994,195,192.899994,194.449997,3880400,175.294305
2013/1/14,192.820007,193.279999,191.75,192.619995,4172200,173.644581
2013/1/15,191.309998,192.729996,190.389999,192.5,4172100,173.536407
2013/1/16,192,193.179993,191.350006,192.589996,2962900,173.617537
2013/1/17,193.850006,194.460007,193.240005,193.649994,3881600,174.573112
2013/1/18,194.029999,195,193.800003,194.470001,4559600,175.312339
2013/1/22,194.360001,196.080002,194.009995,196.080002,7172300,176.763735
2013/1/23,203.5,208.580002,203.360001,204.720001,12530500,184.552589
2013/1/24,203.910004,205.059998,203.080002,204.419998,4447200,184.28214
2013/1/25,204.449997,205.179993,204.130005,204.970001,3358900,184.777961
2013/1/28,204.850006,206.220001,204.289993,204.929993,2823700,184.741894
2013/1/29,204.339996,205.729996,203.639999,203.899994,3617100,183.813362
2013/1/30,203.690002,204.880005,203.190002,203.520004,2998400,183.470806
2013/1/31,203.320007,204.470001,202.960007,203.070007,3091400,183.06514
2013/2/1,204.649994,205.350006,203.839996,205.179993,3370700,184.967266
2013/2/4,204.190002,205.020004,203.570007,203.789993,3188800,183.714198
2013/2/5,204.309998,204.75,202.509995,202.789993,3636900,182.81271
2013/2/6,200.389999,201.289993,199.559998,201.020004,3624200,181.979856
2013/2/7,200.619995,200.910004,198.679993,199.740005,3076700,180.821095
2013/2/8,199.970001,202.089996,199.679993,201.679993,2893300,182.577331
2013/2/11,200.979996,201.949997,199.75,200.160004,2944700,181.201312
2013/2/12,200.009995,200.740005,199.020004,200.039993,2461800,181.092669
2013/2/13,200.649994,200.949997,199.570007,200.089996,2169800,181.137936
2013/2/14,199.729996,200.320007,199.259995,199.649994,3294200,180.739609
2013/2/15,199.979996,201.25,199.820007,200.979996,3627800,181.943637
2013/2/19,200.600006,201.889999,200.220001,200.320007,2998300,181.346161
2013/2/20,200.619995,201.720001,198.860001,199.309998,3715400,180.431817
2013/2/21,198.630005,199.070007,198.110001,198.330002,3922900,179.544644
2013/2/22,199.229996,201.089996,198.839996,201.089996,3107900,182.043218
2013/2/25,201.669998,202.490005,197.509995,197.509995,3844800,178.802306
2013/2/26,198.630005,199.899994,197.839996,199.139999,3391600,180.27792
2013/2/27,198.889999,202.75,198.600006,202.330002,4185100,183.165773
2013/2/28,202.179993,203.119995,200.789993,200.830002,4689200,181.80785
2013/3/1,200.649994,202.940002,199.360001,202.910004,3308300,183.690839
2013/3/4,202.589996,205.190002,202.550003,205.190002,3693400,185.754881
2013/3/5,205.860001,207.699997,205.690002,206.529999,3807800,186.967956
2013/3/6,207.029999,208.490005,206.660004,208.380005,3594800,188.642734
2013/3/7,208.289993,209.600006,208.240005,209.419998,3884400,189.584222
2013/3/8,209.850006,210.740005,209.429993,210.380005,3700500,190.453299
2013/3/11,210.039993,210.199997,209.039993,210.080002,3049700,190.181711
2013/3/12,209.399994,210.729996,209.089996,210.550003,3591600,190.607195
2013/3/13,210.199997,212.360001,209.770004,212.059998,3355900,191.974166
2013/3/14,212.149994,215.860001,212.149994,215.800003,5505500,195.359927
2013/3/15,215.380005,215.899994,213.410004,214.919998,7930300,194.563274
2013/3/18,212.899994,214.5,212.639999,213.210007,3006000,193.015249
2013/3/19,214.130005,215.119995,211.830002,213.440002,3198600,193.22346
2013/3/20,214.759995,215.820007,214.300003,215.059998,3019000,194.690013
2013/3/21,212.960007,213,210.110001,212.259995,5830400,192.15522
2013/3/22,212.210007,213.169998,211.619995,212.080002,3031500,191.992276
2013/3/25,212.539993,212.809998,210.050003,210.740005,3242500,190.779201
2013/3/26,211.770004,212.5,211.5,212.360001,2300300,192.245754
2013/3/27,210.960007,212.160004,210.100006,210.889999,3223400,190.914988
2013/3/28,209.830002,213.440002,209.740005,213.300003,3749900,193.096721
2013/4/1,212.800003,213.5,211.25,212.380005,2144500,192.263863
2013/4/2,212.919998,214.710007,211.570007,214.360001,3116800,194.056318
2013/4/3,214.320007,214.889999,212.630005,212.660004,3128800,192.517341
2013/4/4,212.770004,212.929993,210.039993,211.309998,3709500,191.295205
2013/4/5,209.100006,209.839996,206.339996,209.410004,4148000,189.575174
2013/4/8,209.070007,209.320007,207.330002,209.320007,2351200,189.493702
2013/4/9,209.559998,210,208.610001,209.220001,2577300,189.403168
2013/4/10,211.860001,212.509995,210.470001,212,3524200,191.919852
2013/4/11,211.5,213.089996,210.850006,212.919998,3655600,192.75271
2013/4/12,210.789993,211.490005,209.779999,211.380005,3165400,191.358581
2013/4/15,210.440002,211.690002,209.259995,209.259995,4218100,189.439373
2013/4/16,210.839996,212,209.199997,212,2859500,191.919852
2013/4/17,210.529999,211.089996,209.5,209.669998,3269800,189.810542
2013/4/18,210.110001,210.25,206.149994,207.149994,6502000,187.529227
2013/4/19,195.740005,196.5,189.759995,190,18847000,172.003641
2013/4/22,191.149994,191.380005,187.679993,187.830002,9845400,170.03918
2013/4/23,189.270004,192.550003,188.610001,191.610001,6296100,173.461146
2013/4/24,192.160004,192.5,191.089996,191.710007,3693900,173.551679
2013/4/25,192.690002,195.169998,192.320007,193.949997,4650900,175.579503
2013/4/26,194.160004,194.710007,193.25,194.309998,3490300,175.905405
2013/4/29,194.779999,199.679993,194.649994,199.149994,5932400,180.286968
2013/4/30,199.130005,202.589996,197.350006,202.539993,7539900,183.355875
2013/5/1,201.869995,202.169998,199.199997,199.630005,4899100,180.721514
2013/5/2,200.119995,202.429993,199.75,202.389999,3945100,183.220088
2013/5/3,203.940002,205.320007,203.75,204.509995,4492700,185.139282
2013/5/6,203.789993,203.990005,201.520004,202.779999,4826500,183.573147
2013/5/7,202.809998,203.729996,201.649994,203.630005,3451000,184.342643
2013/5/8,202.940002,204.850006,202.509995,204.820007,3601700,186.289035
2013/5/9,204.690002,205,202.720001,203.240005,3542300,184.851983
2013/5/10,203.369995,204.529999,202.820007,204.470001,3279200,185.970695
2013/5/13,204.179993,204.470001,202.220001,202.470001,3648400,184.151644
2013/5/14,202.089996,203.669998,202.080002,203.210007,3699700,184.824698
2013/5/15,202.25,203.679993,202.039993,203.320007,4028100,184.924746
2013/5/16,204,206.589996,204,204.690002,4507000,186.170792
2013/5/17,205.25,209.5,204.990005,208.440002,5704100,189.581513
2013/5/20,208.020004,209.149994,207.419998,207.600006,3614500,188.817515
2013/5/21,207.240005,209.479996,207,208.649994,2982900,189.772505
2013/5/22,208.5,210.149994,206.119995,206.990005,5186800,188.262703
2013/5/23,205.479996,208.610001,205.130005,206.160004,5179100,187.507796
2013/5/24,204.690002,206.429993,204.419998,205.720001,3295800,187.107602
2013/5/28,207.440002,208.589996,207.160004,207.779999,4011500,188.981223
2013/5/29,206.220001,208.419998,206.039993,207.919998,3439400,189.108556
2013/5/30,206.970001,210.990005,206.970001,209.360001,4399700,190.418275
2013/5/31,208.589996,211.979996,208.020004,208.020004,4949000,189.199514
2013/6/3,208.25,210.050003,207.330002,208.949997,3322000,190.045366
2013/6/4,208.600006,209,205.080002,206.190002,3598300,187.53508
2013/6/5,205.160004,206.289993,202.399994,202.740005,4215400,184.39722
2013/6/6,203,204.199997,201.470001,203.800003,3679400,185.361315
2013/6/7,204.850006,206.350006,204.110001,206.350006,2953400,187.680608
2013/6/10,206.970001,206.979996,204.899994,205.020004,2652300,186.470937
2013/6/11,203.169998,205.949997,202.509995,203.979996,2814400,185.525023
2013/6/12,204.589996,205.229996,200.509995,201.199997,3409800,182.996543
2013/6/13,201.009995,204.399994,200.339996,203.770004,2899500,185.33403
2013/6/14,203.970001,204.740005,201.809998,202.199997,2804500,183.906068
2013/6/17,203.440002,205.169998,202.550003,203.039993,3219900,184.670066
2013/6/18,203.020004,206.089996,202.869995,204.869995,3277800,186.3345
2013/6/19,204.440002,205.029999,201.929993,201.940002,2846100,183.669596
2013/6/20,200.669998,201.699997,197.279999,197.350006,4514800,179.494877
2013/6/21,198.5,198.520004,193.539993,195.460007,8914800,177.775875
2013/6/24,193.990005,194.910004,191.339996,193.539993,4356200,176.029573
2013/6/25,195.309998,195.589996,193.149994,194.979996,3846200,177.339292
2013/6/26,195.970001,196.229996,194.5,194.860001,3320200,177.230154
2013/6/27,196.050003,196.899994,195.289993,195.649994,3514200,177.948673
2013/6/28,191.729996,192.660004,188.410004,191.110001,10055800,173.819433
2013/7/1,192.149994,193.800003,191.119995,191.279999,4442400,173.974051
2013/7/2,190.779999,193.229996,190.259995,191.5,3657700,174.174147
2013/7/3,190.979996,194.220001,190.509995,193.25,1872600,175.765817
2013/7/5,194.490005,195.160004,192.350006,194.929993,2405400,177.293813
2013/7/8,195.600006,195.779999,194.610001,194.979996,2947500,177.339292
2013/7/9,191.880005,192.800003,190.779999,191.300003,5204200,173.992245
2013/7/10,191.509995,193.429993,191.270004,192.25,3892000,174.856291
2013/7/11,193.779999,194.110001,192.610001,192.800003,4177500,175.356533
2013/7/12,193.070007,193.699997,191.589996,192.070007,4494700,174.692584
2013/7/15,192.419998,194.889999,191.679993,194,5674700,176.447961
2013/7/16,194.039993,194.580002,192.679993,193.850006,3745300,176.311538
2013/7/17,194.720001,194.889999,193.029999,194.550003,6868400,176.948203
2013/7/18,198.270004,200.940002,195.990005,197.990005,8393400,180.076973
2013/7/19,197.910004,197.990005,193.240005,193.539993,6997600,176.029573
2013/7/22,193.399994,195.789993,193.279999,194.089996,3398000,176.529815
2013/7/23,194.210007,196.429993,194.100006,194.979996,2863800,177.339292
2013/7/24,195.949997,197.300003,195.860001,196.610001,2957900,178.821824
2013/7/25,196.300003,197.830002,195.660004,197.220001,3014300,179.376635
2013/7/26,196.589996,197.369995,195,197.350006,2485100,179.494877
2013/7/29,196.830002,197.190002,195.529999,196.210007,2113700,178.458019
2013/7/30,196.990005,197.830002,195.809998,196.009995,2663200,178.276103
2013/7/31,194.490005,196.910004,194.490005,195.039993,3810000,177.393862
2013/8/1,196.649994,197.169998,195.410004,195.809998,2877700,178.0942
2013/8/2,195.5,195.5,193.220001,195.160004,3874000,177.503014
2013/8/5,195.160004,195.880005,194.350006,195.5,2490900,177.81225
2013/8/6,192.259995,192.509995,190.270004,190.990005,5938500,173.710294
2013/8/7,189.600006,189.929993,188.050003,188.559998,3901700,172.357455
2013/8/8,189.449997,189.869995,186.789993,187.929993,4547600,171.781585
2013/8/9,188,189.160004,187,187.820007,3249600,171.68105
2013/8/12,186.970001,189.559998,186.889999,189.089996,3026500,172.841912
2013/8/13,189.539993,189.990005,187.559998,188.419998,3542900,172.229485
2013/8/14,188.580002,188.929993,187.300003,187.529999,2892300,171.415961
2013/8/15,186.229996,187,185.449997,185.789993,3692400,169.825471
2013/8/16,185.539993,186.460007,185.339996,185.339996,3426400,169.414141
2013/8/19,185.300003,186.5,183.979996,184.229996,3248900,168.39952
2013/8/20,184.369995,185.630005,183.169998,184.559998,3117800,168.701166
2013/8/21,184.669998,186.570007,184.279999,184.860001,3551000,168.97539
2013/8/22,185.649994,186.25,184.25,185.190002,2354300,169.277036
2013/8/23,185.339996,185.740005,184.570007,185.419998,2292700,169.487269
2013/8/26,185.270004,187,184.679993,184.740005,2170400,168.865706
2013/8/27,183.630005,184.5,182.570007,182.740005,3190700,167.037562
2013/8/28,182.679993,183.470001,181.100006,182.160004,3979200,166.507398
2013/8/29,181.960007,183.699997,181.440002,182.639999,2980900,166.946149
2013/8/30,182.75,182.990005,181.509995,182.270004,2731000,166.607947
2013/9/3,183.630005,184.320007,182.509995,183.960007,3487200,168.152731
2013/9/4,183.580002,184.190002,182.309998,183.130005,2597900,167.394049
2013/9/5,183.350006,185,183.070007,184.149994,2867600,168.326393
2013/9/6,184.649994,184.990005,182.649994,183.029999,2903500,167.302636
2013/9/9,183.679993,185.490005,183.309998,184.979996,3017200,169.085075
2013/9/10,187.199997,187.649994,186.369995,186.600006,3149600,170.565881
2013/9/11,186.830002,190.869995,186.820007,190.699997,4962900,174.313569
2013/9/12,190.960007,191.320007,189.850006,190.729996,3354800,174.34099
2013/9/13,191.210007,193.100006,191,192.169998,3710400,175.657256
2013/9/16,193.699997,194.809998,192.610001,193.149994,3902400,176.553043
2013/9/17,193.419998,194.149994,191.830002,192.160004,2930900,175.64812
2013/9/18,192.600006,194.889999,192,194.419998,3841800,177.713918
2013/9/19,194.179993,194.889999,193.220001,193.389999,3178100,176.772425
2013/9/20,193.960007,194.429993,190.020004,190.020004,8525900,173.692006
2013/9/23,190.059998,192.410004,189.330002,190.990005,3340800,174.578657
2013/9/24,190.929993,191.559998,189.660004,189.970001,3085300,173.6463
2013/9/25,190.139999,190.619995,188.5,189.470001,2654500,173.189264
2013/9/26,190.100006,191.759995,189.460007,190.220001,2093600,173.874818
2013/9/27,188.869995,188.940002,186.449997,186.919998,3905500,170.858377
2013/9/30,185.559998,186.740005,184.339996,185.179993,3978200,169.267886
2013/10/1,185.339996,186.649994,184.649994,186.380005,2681200,170.364784
2013/10/2,185.539993,186.309998,184.410004,184.960007,3617100,169.066803
2013/10/3,184.699997,184.960007,183,183.860001,3211800,168.061318
2013/10/4,184.169998,185.130005,183.580002,184.100006,2863600,168.2807
2013/10/7,181.850006,183.309998,181.850006,182.009995,3966400,166.370279
2013/10/8,181.889999,181.990005,178.710007,178.720001,5578300,163.362987
2013/10/9,179.369995,181.669998,179.100006,181.320007,4423500,165.739581
2013/10/10,183.169998,184.770004,182.360001,184.770004,3658900,168.893127
2013/10/11,185.25,186.229996,184.119995,186.160004,3232600,170.163687
2013/10/14,185.410004,186.990005,184.419998,186.970001,2663100,170.904083
2013/10/15,185.740005,185.940002,184.220001,184.660004,3365100,168.792579
2013/10/16,185.419998,186.729996,184.990005,186.729996,6718000,170.684701
2013/10/17,173.839996,177,172.570007,174.830002,22368900,159.807247
2013/10/18,174.800003,175,173.25,173.779999,10548000,158.847469
2013/10/21,174.419998,174.75,172.630005,172.860001,7098700,158.006524
2013/10/22,173.350006,175.570007,172.949997,174.970001,6977300,159.935217
2013/10/23,175.089996,175.990005,174.399994,175.770004,5409400,160.666477
2013/10/24,176.429993,177.889999,176.25,177.800003,5533300,162.522043
2013/10/25,178.429993,179.100006,176.259995,176.850006,4842800,161.653677
2013/10/28,177.039993,177.889999,176.199997,177.350006,3712700,162.110713
2013/10/29,177.619995,182.320007,177.5,182.119995,8904600,166.470827
2013/10/30,181.690002,182.179993,179.860001,180.149994,5273700,164.670104
2013/10/31,179.649994,181.669998,179.039993,179.210007,4318100,163.810888
2013/11/1,179.809998,180.339996,178.880005,179.229996,3644500,163.829159
2013/11/4,179.899994,180.800003,179.339996,180.270004,3483300,164.779802
2013/11/5,179.539993,179.800003,177.710007,177.850006,6096800,162.567749
2013/11/6,177.910004,179.75,177.779999,179.190002,4560700,164.67221
2013/11/7,179.600006,181.389999,179.600006,180,5219500,165.416583
2013/11/8,178.830002,180.080002,177.350006,179.990005,6275000,165.407398
2013/11/11,180.190002,183.389999,180.039993,182.880005,5222300,168.063253
2013/11/12,182.529999,184.050003,182.259995,183.070007,4258500,168.237861
2013/11/13,182.270004,183.550003,181.589996,183.550003,4704400,168.678968
2013/11/14,180.479996,183.199997,179.660004,182.210007,6321500,167.447537
2013/11/15,182.380005,183.279999,181.160004,183.190002,5176100,168.348135
2013/11/18,183.520004,184.990005,183.270004,184.470001,5344900,169.524429
2013/11/19,184.630005,186.199997,184.149994,185.25,4577000,170.241233
2013/11/20,185.220001,186.240005,184.649994,185.190002,3645800,170.186097
2013/11/21,185.539993,185.75,183.410004,184.130005,4459500,169.211979
2013/11/22,183.5,184.990005,179.919998,181.300003,7610200,166.611261
2013/11/25,180.25,180.75,177.820007,178.940002,7161900,164.442465
2013/11/26,178.669998,178.940002,177.309998,177.309998,5756000,162.944522
2013/11/27,177.830002,180.179993,177.820007,178.970001,4596500,164.470033
2013/11/29,179.210007,180.759995,179,179.679993,2870500,165.122502
2013/12/2,179.460007,179.589996,177.119995,177.479996,4560000,163.100747
2013/12/3,177,178.229996,175.639999,176.080002,5864000,161.814179
2013/12/4,175.369995,177.5,175.160004,175.740005,5267400,161.501729
2013/12/5,176.149994,176.860001,175.279999,176.080002,4384900,161.814179
2013/12/6,176.699997,178,176.009995,177.669998,4739800,163.275355
2013/12/9,177.990005,178.149994,176.830002,177.460007,3796600,163.082377
2013/12/10,176.899994,177.669998,176.059998,177.119995,4127800,162.769913
2013/12/11,177,177.759995,175.100006,175.199997,4090400,161.005471
2013/12/12,175.059998,175.800003,173.300003,173.369995,5671600,159.323734
2013/12/13,173.520004,174.380005,172.729996,172.800003,4184400,158.799922
2013/12/16,173.220001,178.350006,172.729996,177.850006,7517000,163.440779
2013/12/17,177.360001,177.490005,175.119995,175.759995,5471900,161.520098
2013/12/18,176.449997,178.740005,174.850006,178.699997,5697700,164.221905
2013/12/19,177.880005,180.539993,177.880005,180.220001,5927000,165.61876
2013/12/20,180.119995,182,180.020004,180.020004,7653500,165.434966
2013/12/23,181.050003,182.929993,180.610001,182.229996,4079900,167.465907
2013/12/24,181.960007,183.5,181.910004,183.220001,1613600,168.375703
2013/12/26,183.559998,185.559998,183.509995,185.350006,3325700,170.333137
2013/12/27,185.839996,186.5,184.559998,185.080002,3381600,170.085008
2013/12/30,185.320007,186.699997,184.669998,186.410004,3018600,171.307254
2013/12/31,186.490005,187.789993,186.300003,187.570007,3619700,172.373276
2014/1/2,187.210007,187.399994,185.199997,185.529999,4546500,170.498547
2014/1/3,185.830002,187.350006,185.300003,186.639999,4063200,171.518616
2014/1/6,187.149994,187.360001,185.300003,186,4067800,170.930469
2014/1/7,186.389999,190.350006,186.380005,189.710007,5932300,174.339895
2014/1/8,189.330002,189.419998,187.259995,187.970001,4603700,172.740863
2014/1/9,189.020004,189.5,186.550003,187.380005,4321300,172.198667
2014/1/10,188.309998,188.570007,186.279999,187.259995,4022400,172.08838
2014/1/13,186.259995,186.949997,183.860001,184.160004,5784700,169.239547
2014/1/14,185.059998,186.429993,183.880005,185.919998,4619200,170.856949
2014/1/15,185.820007,188.649994,185.490005,187.740005,4816500,172.529501
2014/1/16,187.529999,188.990005,186.800003,188.759995,4770300,173.466851
2014/1/17,188.039993,190.809998,187.860001,190.089996,7644600,174.689098
2014/1/21,190.229996,190.389999,186.789993,188.429993,11076300,173.163586
2014/1/22,181.279999,183.5,179.669998,182.25,13796100,167.48429
2014/1/23,181.429993,183.720001,180.710007,182.729996,6973900,167.925397
2014/1/24,181.25,182.809998,179.639999,179.639999,6890600,165.085749
2014/1/27,179.610001,179.649994,177.660004,177.899994,5208600,163.486717
2014/1/28,178.050003,178.449997,176.160004,176.850006,5333300,162.521798
2014/1/29,175.979996,178.529999,175.889999,176.399994,4970900,162.108246
2014/1/30,177.169998,177.860001,176.360001,177.360001,4853700,162.990474
2014/1/31,176.110001,177.839996,175.339996,176.679993,5193400,162.365559
2014/2/3,176.020004,176.020004,172.720001,172.899994,7186800,158.891812
2014/2/4,173.529999,173.75,172.360001,172.839996,4349800,158.836675
2014/2/5,172.190002,174.970001,172.190002,174.240005,4712300,160.123257
2014/2/6,173.970001,174.850006,173.789993,174.669998,4292200,161.398404
2014/2/7,175.639999,177.559998,175.070007,177.25,4692900,163.782375
2014/2/10,176.970001,177.649994,176.25,177.139999,3540400,163.680732
2014/2/11,176.809998,180.389999,176.800003,179.699997,4647300,166.046218
2014/2/12,179.520004,181.25,179.259995,180.240005,3983000,166.545197
2014/2/13,178.220001,182.360001,177.860001,181.839996,4482000,168.023619
2014/2/14,181.259995,184.429993,180.990005,183.690002,4659900,169.733059
2014/2/18,183.179993,184,182.320007,183.190002,4435200,169.27105
2014/2/19,182.740005,185.649994,182.410004,182.949997,4671500,169.04928
2014/2/20,182.960007,184.860001,182.789993,184.259995,4968200,170.259743
2014/2/21,184.25,185.710007,182.619995,182.789993,5699300,168.901434
2014/2/24,182.820007,185.160004,182.820007,183.449997,4595300,169.51129
2014/2/25,183.520004,184.600006,182.880005,183.229996,3902300,169.308005
2014/2/26,183.940002,185.279999,183.559998,184.059998,3740700,170.074942
2014/2/27,183.830002,185.949997,183.809998,185.270004,3827800,171.193011
2014/2/28,185.380005,186.119995,183.649994,185.169998,4667900,171.100604
2014/3/3,183.330002,184.639999,182.820007,184.259995,3950100,170.259743
2014/3/4,185.809998,187.160004,185.679993,186.440002,4733000,172.274112
2014/3/5,186.570007,187.949997,186.399994,187.139999,3485200,172.920922
2014/3/6,187.369995,188.389999,186.899994,187.639999,3817300,173.382932
2014/3/7,188.350006,188.919998,187.179993,187.679993,4117800,173.419886
2014/3/10,187.550003,188.369995,185.850006,186.389999,4591200,172.227908
2014/3/11,187.410004,188.449997,186.039993,186.759995,4229500,172.569791
2014/3/12,186.009995,187.449997,185.889999,186.220001,4833000,172.070827
2014/3/13,186.410004,187,183.710007,183.899994,4913200,169.927096
2014/3/14,183.889999,184.289993,182.210007,182.210007,5490300,168.365515
2014/3/17,182.660004,186.350006,182.660004,185.809998,4938100,171.691975
2014/3/18,185.990005,187.899994,185.539993,186.809998,3961300,172.615994
2014/3/19,185.600006,186.699997,183.5,184.710007,4323900,170.675563
2014/3/20,184.470001,188.259995,184.169998,187.899994,5062600,173.623172
2014/3/21,188.5,188.699997,186.399994,186.669998,12535200,172.486632
2014/3/24,187.429993,189.440002,187.369995,188.25,5738500,173.946584
2014/3/25,188.759995,195.399994,188.699997,195.039993,10912700,180.220667
2014/3/26,194.979996,195.630005,191.960007,192.619995,6851700,177.984543
2014/3/27,191.910004,192.669998,189.320007,189.830002,6767700,175.406536
2014/3/28,189.940002,192.619995,189.110001,190.449997,5194400,175.979423
2014/3/31,191.639999,193.770004,191.399994,192.490005,8537300,177.86443
2014/4/1,193.119995,195.130005,192.779999,194.5,5394100,179.721703
2014/4/2,194.240005,194.5,192.490005,193.550003,4924100,178.843888
2014/4/3,193.199997,193.380005,192.350006,192.690002,4091100,178.049231
2014/4/4,193.119995,193.970001,191.279999,191.770004,6089900,177.199135
2014/4/7,191.720001,195.309998,191.570007,194.520004,6740500,179.740187
2014/4/8,193.889999,194.169998,192.690002,193.289993,5125000,178.603634
2014/4/9,193.880005,197,193.600006,196.639999,5480100,181.699103
2014/4/10,196.059998,199.210007,195.660004,195.679993,8417900,180.812039
2014/4/11,195.039993,197,194.270004,195.190002,4835000,180.359278
2014/4/14,196.240005,198.240005,195.880005,197.770004,5431100,182.743249
2014/4/15,195.979996,197.410004,195.419998,197.020004,5351300,182.050235
2014/4/16,198.050003,198.710007,195,196.399994,8527300,181.477334
2014/4/17,187.25,190.699997,187.009995,190.009995,11255500,175.572852
2014/4/21,189.800003,192.809998,189.740005,192.270004,5419700,177.661145
2014/4/22,192.009995,193,191.199997,192.149994,3878600,177.550253
2014/4/23,191.789993,192.410004,190.110001,191.729996,4736400,177.162166
2014/4/24,192.220001,192.220001,190.029999,190.220001,4407100,175.766903
2014/4/25,190.539993,190.669998,189.110001,189.630005,3871000,175.221735
2014/4/28,191.139999,193.990005,190.580002,193.139999,5638300,178.465037
2014/4/29,193.589996,195.940002,193.410004,195.110001,4626300,180.285355
2014/4/30,194.380005,196.860001,194.350006,196.470001,4206800,181.542022
2014/5/1,196.309998,196.740005,193.149994,193.529999,3674000,178.825403
2014/5/2,193.75,193.839996,191.25,191.440002,3049900,176.894207
2014/5/5,191.050003,191.490005,189.800003,191.259995,2222100,176.727876
2014/5/6,190.929993,190.949997,189.25,190.029999,3188700,175.591337
2014/5/7,189.339996,190.300003,186.929993,189.300003,3821000,175.935214
2014/5/8,189.160004,190.570007,188.229996,188.910004,2431900,175.572749
2014/5/9,188.979996,190.589996,188.369995,190.080002,2261600,176.660144
2014/5/12,191.119995,193.020004,190.940002,192.570007,3777400,178.974352
2014/5/13,192.789993,193.029999,191.759995,192.190002,2226600,178.621176
2014/5/14,191.910004,191.990005,188.169998,188.720001,5251500,175.39616
2014/5/15,189.070007,189.080002,186.179993,186.460007,4202200,173.295724
2014/5/16,186.270004,187.410004,185.929993,187.059998,3949500,173.853355
2014/5/19,186.610001,187.130005,186.039993,187,3270700,173.797593
2014/5/20,186.25,186.699997,184.699997,184.889999,3026500,171.836561
2014/5/21,185.850006,187.160004,184.949997,186.389999,2988000,173.230659
2014/5/22,186.449997,186.449997,185.029999,185.679993,2218000,172.57078
2014/5/23,185.839996,186.139999,185.309998,185.940002,2562900,172.812433
2014/5/27,184.800003,185.649994,183.929993,184.779999,4793800,171.734327
2014/5/28,184.479996,184.880005,182.940002,183.080002,3721600,170.154351
2014/5/29,183.639999,183.779999,182.330002,183.759995,2759900,170.786336
2014/5/30,183.380005,184.570007,182.490005,184.360001,4620500,171.343981
2014/6/2,184.759995,186.279999,184.669998,185.690002,3200500,172.580083
2014/6/3,185.550003,185.759995,184.119995,184.369995,2517100,171.35327
2014/6/4,184.710007,185.449997,184.199997,184.509995,2376800,171.483385
2014/6/5,184.660004,186.089996,183.919998,185.979996,2852200,172.849602
2014/6/6,186.470001,187.649994,185.899994,186.369995,3296700,173.212067
2014/6/9,186.220001,187.639999,185.960007,186.220001,2728400,173.072663
2014/6/10,186.199997,186.220001,183.820007,184.289993,4154900,171.278916
2014/6/11,183.610001,184.199997,182.009995,182.25,4061700,169.382948
2014/6/12,182.479996,182.550003,180.910004,181.220001,4425300,168.425669
2014/6/13,182,183,181.520004,182.559998,2773600,169.67106
2014/6/16,182.399994,182.710007,181.240005,182.350006,3556200,169.475894
2014/6/17,181.899994,182.809998,181.559998,182.259995,2460900,169.392237
2014/6/18,182.039993,183.610001,181.789993,183.600006,3931800,170.637643
2014/6/19,184.119995,184.470001,182.360001,182.820007,3551100,169.912713
2014/6/20,182.589996,182.669998,181.399994,181.550003,10686800,168.732372
2014/6/23,181.919998,182.25,181,182.139999,3231700,169.280714
2014/6/24,181.5,183,180.649994,180.880005,3875400,168.109677
2014/6/25,180.25,180.970001,180.059998,180.720001,2762800,167.960969
2014/6/26,180.869995,181.369995,179.270004,180.369995,3258500,167.635674
2014/6/27,179.770004,182.460007,179.660004,181.710007,4575500,168.881079
2014/6/30,181.330002,181.929993,180.259995,181.270004,4223800,168.472142
2014/7/1,181.699997,187.270004,181.699997,186.350006,6643100,173.19349
2014/7/2,186.339996,188.990005,186.169998,188.389999,5093000,175.089457
2014/7/3,188.389999,188.809998,187.350006,188.529999,2422400,175.219572
2014/7/7,187.610001,188.270004,187.440002,188.039993,2958700,174.764162
2014/7/8,187.649994,188.080002,186.369995,187.220001,3135100,174.002062
2014/7/9,187.679993,188.899994,186.889999,188.419998,3309600,175.117338
